id;nom;prenom;email;phone
1;mobile Ergonomic;microchip Oklahoma hard drive;Jakayla27@hotmail.com;549-558-4558
2;Producer application River;tangible Officer;Everette.Swaniawski21@hotmail.com;1-123-059-2711 x552
3;empower Designer;relationships architectures Palladium;Rigoberto.Howe32@gmail.com;(290) 140-0204 x084
4;transmit;Human;Adonis.Hilll44@gmail.com;1-887-603-5462 x509
5;Rubber Intranet;copy enable;Torrey_Rohan@hotmail.com;446.545.6766 x78957
6;toolset;Seamless Legacy Designer;Gertrude21@yahoo.com;497.954.3752
7;system;El Salvador Orchestrator;Chanelle_Hane45@yahoo.com;(898) 507-4337 x184
8;partnerships;Awesome Licensed Metal Bacon Cross-group;Osborne_Sipes@hotmail.com;306-457-5224
9;eyeballs optical Credit Card Account;bypass Strategist;Lisandro_Barton@hotmail.com;926.632.7552
10;Direct;microchip encoding Wells;Elvie.Blick66@yahoo.com;958-388-8123
